"id","pokemon","type_1","type_2","attack","defense","hp","special_attack","special_defense","speed","ability_1","ability_2","ability_hidden"
"1","bulbasaur","grass","poison","49","49","45","65","65","45","overgrow","NA","chlorophyll"
"2","ivysaur","grass","poison","62","63","60","80","80","60","overgrow","NA","chlorophyll"
"3","venusaur","grass","poison","82","83","80","100","100","80","overgrow","NA","chlorophyll"
"4","charmander","fire","NA","52","43","39","60","50","65","blaze","NA","solar-power"
"5","charmeleon","fire","NA","64","58","58","80","65","80","blaze","NA","solar-power"
"6","charizard","fire","flying","84","78","78","109","85","100","blaze","NA","solar-power"
"7","squirtle","water","NA","48","65","44","50","64","43","torrent","NA","rain-dish"
"8","wartortle","water","NA","63","80","59","65","80","58","torrent","NA","rain-dish"
"9","blastoise","water","NA","83","100","79","85","105","78","torrent","NA","rain-dish"
"10","caterpie","bug","NA","30","35","45","20","20","45","shield-dust","NA","run-away"
"11","metapod","bug","NA","20","55","50","25","25","30","shed-skin","NA","NA"
"12","butterfree","bug","flying","45","50","60","90","80","70","compound-eyes","NA","tinted-lens"
"13","weedle","bug","poison","35","30","40","20","20","50","shield-dust","NA","run-away"
"14","kakuna","bug","poison","25","50","45","25","25","35","shed-skin","NA","NA"
"15","beedrill","bug","poison","90","40","65","45","80","75","swarm","NA","sniper"
"16","pidgey","normal","flying","45","40","40","35","35","56","keen-eye","tangled-feet","big-pecks"
"17","pidgeotto","normal","flying","60","55","63","50","50","71","keen-eye","tangled-feet","big-pecks"
"18","pidgeot","normal","flying","80","75","83","70","70","101","keen-eye","tangled-feet","big-pecks"
"19","rattata","normal","NA","56","35","30","25","35","72","run-away","guts","hustle"
"20","raticate","normal","NA","81","60","55","50","70","97","run-away","guts","hustle"
"21","spearow","normal","flying","60","30","40","31","31","70","keen-eye","NA","sniper"
"22","fearow","normal","flying","90","65","65","61","61","100","keen-eye","NA","sniper"
"23","ekans","poison","NA","60","44","35","40","54","55","intimidate","shed-skin","unnerve"
"24","arbok","poison","NA","85","69","60","65","79","80","intimidate","shed-skin","unnerve"
"25","pikachu","electric","NA","55","40","35","50","50","90","static","NA","lightning-rod"
"26","raichu","electric","NA","90","55","60","90","80","110","static","NA","lightning-rod"
"27","sandshrew","ground","NA","75","85","50","20","30","40","sand-veil","NA","sand-rush"
"28","sandslash","ground","NA","100","110","75","45","55","65","sand-veil","NA","sand-rush"
"29","nidoran-f","poison","NA","47","52","55","40","40","41","poison-point","rivalry","hustle"
"30","nidorina","poison","NA","62","67","70","55","55","56","poison-point","rivalry","hustle"
"31","nidoqueen","poison","ground","92","87","90","75","85","76","poison-point","rivalry","sheer-force"
"32","nidoran-m","poison","NA","57","40","46","40","40","50","poison-point","rivalry","hustle"
"33","nidorino","poison","NA","72","57","61","55","55","65","poison-point","rivalry","hustle"
"34","nidoking","poison","ground","102","77","81","85","75","85","poison-point","rivalry","sheer-force"
"35","clefairy","fairy","NA","45","48","70","60","65","35","cute-charm","magic-guard","friend-guard"
"36","clefable","fairy","NA","70","73","95","95","90","60","cute-charm","magic-guard","unaware"
"37","vulpix","fire","NA","41","40","38","50","65","65","flash-fire","NA","drought"
"38","ninetales","fire","NA","76","75","73","81","100","100","flash-fire","NA","drought"
"39","jigglypuff","normal","fairy","45","20","115","45","25","20","cute-charm","competitive","friend-guard"
"40","wigglytuff","normal","fairy","70","45","140","85","50","45","cute-charm","competitive","frisk"
"41","zubat","poison","flying","45","35","40","30","40","55","inner-focus","NA","infiltrator"
"42","golbat","poison","flying","80","70","75","65","75","90","inner-focus","NA","infiltrator"
"43","oddish","grass","poison","50","55","45","75","65","30","chlorophyll","NA","run-away"
"44","gloom","grass","poison","65","70","60","85","75","40","chlorophyll","NA","stench"
"45","vileplume","grass","poison","80","85","75","110","90","50","chlorophyll","NA","effect-spore"
"46","paras","bug","grass","70","55","35","45","55","25","effect-spore","dry-skin","damp"
"47","parasect","bug","grass","95","80","60","60","80","30","effect-spore","dry-skin","damp"
"48","venonat","bug","poison","55","50","60","40","55","45","compound-eyes","tinted-lens","run-away"
"49","venomoth","bug","poison","65","60","70","90","75","90","shield-dust","tinted-lens","wonder-skin"
"50","diglett","ground","NA","55","25","10","35","45","95","sand-veil","arena-trap","sand-force"
"51","dugtrio","ground","NA","80","50","35","50","70","120","sand-veil","arena-trap","sand-force"
"52","meowth","normal","NA","45","35","40","40","40","90","pickup","technician","unnerve"
"53","persian","normal","NA","70","60","65","65","65","115","limber","technician","unnerve"
"54","psyduck","water","NA","52","48","50","65","50","55","damp","cloud-nine","swift-swim"
"55","golduck","water","NA","82","78","80","95","80","85","damp","cloud-nine","swift-swim"
"56","mankey","fighting","NA","80","35","40","35","45","70","vital-spirit","anger-point","defiant"
"57","primeape","fighting","NA","105","60","65","60","70","95","vital-spirit","anger-point","defiant"
"58","growlithe","fire","NA","70","45","55","70","50","60","intimidate","flash-fire","justified"
"59","arcanine","fire","NA","110","80","90","100","80","95","intimidate","flash-fire","justified"
"60","poliwag","water","NA","50","40","40","40","40","90","water-absorb","damp","swift-swim"
"61","poliwhirl","water","NA","65","65","65","50","50","90","water-absorb","damp","swift-swim"
"62","poliwrath","water","fighting","95","95","90","70","90","70","water-absorb","damp","swift-swim"
"63","abra","psychic","NA","20","15","25","105","55","90","synchronize","inner-focus","magic-guard"
"64","kadabra","psychic","NA","35","30","40","120","70","105","synchronize","inner-focus","magic-guard"
"65","alakazam","psychic","NA","50","45","55","135","95","120","synchronize","inner-focus","magic-guard"
"66","machop","fighting","NA","80","50","70","35","35","35","guts","no-guard","steadfast"
"67","machoke","fighting","NA","100","70","80","50","60","45","guts","no-guard","steadfast"
"68","machamp","fighting","NA","130","80","90","65","85","55","guts","no-guard","steadfast"
"69","bellsprout","grass","poison","75","35","50","70","30","40","chlorophyll","NA","gluttony"
"70","weepinbell","grass","poison","90","50","65","85","45","55","chlorophyll","NA","gluttony"
"71","victreebel","grass","poison","105","65","80","100","70","70","chlorophyll","NA","gluttony"
"72","tentacool","water","poison","40","35","40","50","100","70","clear-body","liquid-ooze","rain-dish"
"73","tentacruel","water","poison","70","65","80","80","120","100","clear-body","liquid-ooze","rain-dish"
"74","geodude","rock","ground","80","100","40","30","30","20","rock-head","sturdy","sand-veil"
"75","graveler","rock","ground","95","115","55","45","45","35","rock-head","sturdy","sand-veil"
"76","golem","rock","ground","120","130","80","55","65","45","rock-head","sturdy","sand-veil"
"77","ponyta","fire","NA","85","55","50","65","65","90","run-away","flash-fire","flame-body"
"78","rapidash","fire","NA","100","70","65","80","80","105","run-away","flash-fire","flame-body"
"79","slowpoke","water","psychic","65","65","90","40","40","15","oblivious","own-tempo","regenerator"
"80","slowbro","water","psychic","75","110","95","100","80","30","oblivious","own-tempo","regenerator"
"81","magnemite","electric","steel","35","70","25","95","55","45","magnet-pull","sturdy","analytic"
"82","magneton","electric","steel","60","95","50","120","70","70","magnet-pull","sturdy","analytic"
"83","farfetchd","normal","flying","65","55","52","58","62","60","keen-eye","inner-focus","defiant"
"84","doduo","normal","flying","85","45","35","35","35","75","run-away","early-bird","tangled-feet"
"85","dodrio","normal","flying","110","70","60","60","60","100","run-away","early-bird","tangled-feet"
"86","seel","water","NA","45","55","65","45","70","45","thick-fat","hydration","ice-body"
"87","dewgong","water","ice","70","80","90","70","95","70","thick-fat","hydration","ice-body"
"88","grimer","poison","NA","80","50","80","40","50","25","stench","sticky-hold","poison-touch"
"89","muk","poison","NA","105","75","105","65","100","50","stench","sticky-hold","poison-touch"
"90","shellder","water","NA","65","100","30","45","25","40","shell-armor","skill-link","overcoat"
"91","cloyster","water","ice","95","180","50","85","45","70","shell-armor","skill-link","overcoat"
"92","gastly","ghost","poison","35","30","30","100","35","80","levitate","NA","NA"
"93","haunter","ghost","poison","50","45","45","115","55","95","levitate","NA","NA"
"94","gengar","ghost","poison","65","60","60","130","75","110","levitate","NA","NA"
"95","onix","rock","ground","45","160","35","30","45","70","rock-head","sturdy","weak-armor"
"96","drowzee","psychic","NA","48","45","60","43","90","42","insomnia","forewarn","inner-focus"
"97","hypno","psychic","NA","73","70","85","73","115","67","insomnia","forewarn","inner-focus"
"98","krabby","water","NA","105","90","30","25","25","50","hyper-cutter","shell-armor","sheer-force"
"99","kingler","water","NA","130","115","55","50","50","75","hyper-cutter","shell-armor","sheer-force"
"100","voltorb","electric","NA","30","50","40","55","55","100","soundproof","static","aftermath"
"101","electrode","electric","NA","50","70","60","80","80","140","soundproof","static","aftermath"
"102","exeggcute","grass","psychic","40","80","60","60","45","40","chlorophyll","NA","harvest"
"103","exeggutor","grass","psychic","95","85","95","125","65","55","chlorophyll","NA","harvest"
"104","cubone","ground","NA","50","95","50","40","50","35","rock-head","lightning-rod","battle-armor"
"105","marowak","ground","NA","80","110","60","50","80","45","rock-head","lightning-rod","battle-armor"
"106","hitmonlee","fighting","NA","120","53","50","35","110","87","limber","reckless","unburden"
"107","hitmonchan","fighting","NA","105","79","50","35","110","76","keen-eye","iron-fist","inner-focus"
"108","lickitung","normal","NA","55","75","90","60","75","30","own-tempo","oblivious","cloud-nine"
"109","koffing","poison","NA","65","95","40","60","45","35","levitate","NA","NA"
"110","weezing","poison","NA","90","120","65","85","70","60","levitate","NA","NA"
"111","rhyhorn","ground","rock","85","95","80","30","30","25","lightning-rod","rock-head","reckless"
"112","rhydon","ground","rock","130","120","105","45","45","40","lightning-rod","rock-head","reckless"
"113","chansey","normal","NA","5","5","250","35","105","50","natural-cure","serene-grace","healer"
"114","tangela","grass","NA","55","115","65","100","40","60","chlorophyll","leaf-guard","regenerator"
"115","kangaskhan","normal","NA","95","80","105","40","80","90","early-bird","scrappy","inner-focus"
"116","horsea","water","NA","40","70","30","70","25","60","swift-swim","sniper","damp"
"117","seadra","water","NA","65","95","55","95","45","85","poison-point","sniper","damp"
"118","goldeen","water","NA","67","60","45","35","50","63","swift-swim","water-veil","lightning-rod"
"119","seaking","water","NA","92","65","80","65","80","68","swift-swim","water-veil","lightning-rod"
"120","staryu","water","NA","45","55","30","70","55","85","illuminate","natural-cure","analytic"
"121","starmie","water","psychic","75","85","60","100","85","115","illuminate","natural-cure","analytic"
"122","mr-mime","psychic","fairy","45","65","40","100","120","90","soundproof","filter","technician"
"123","scyther","bug","flying","110","80","70","55","80","105","swarm","technician","steadfast"
"124","jynx","ice","psychic","50","35","65","115","95","95","oblivious","forewarn","dry-skin"
"125","electabuzz","electric","NA","83","57","65","95","85","105","static","NA","vital-spirit"
"126","magmar","fire","NA","95","57","65","100","85","93","flame-body","NA","vital-spirit"
"127","pinsir","bug","NA","125","100","65","55","70","85","hyper-cutter","mold-breaker","moxie"
"128","tauros","normal","NA","100","95","75","40","70","110","intimidate","anger-point","sheer-force"
"129","magikarp","water","NA","10","55","20","15","20","80","swift-swim","NA","rattled"
"130","gyarados","water","flying","125","79","95","60","100","81","intimidate","NA","moxie"
"131","lapras","water","ice","85","80","130","85","95","60","water-absorb","shell-armor","hydration"
"132","ditto","normal","NA","48","48","48","48","48","48","limber","NA","imposter"
"133","eevee","normal","NA","55","50","55","45","65","55","run-away","adaptability","anticipation"
"134","vaporeon","water","NA","65","60","130","110","95","65","water-absorb","NA","hydration"
"135","jolteon","electric","NA","65","60","65","110","95","130","volt-absorb","NA","quick-feet"
"136","flareon","fire","NA","130","60","65","95","110","65","flash-fire","NA","guts"
"137","porygon","normal","NA","60","70","65","85","75","40","trace","download","analytic"
"138","omanyte","rock","water","40","100","35","90","55","35","swift-swim","shell-armor","weak-armor"
"139","omastar","rock","water","60","125","70","115","70","55","swift-swim","shell-armor","weak-armor"
"140","kabuto","rock","water","80","90","30","55","45","55","swift-swim","battle-armor","weak-armor"
"141","kabutops","rock","water","115","105","60","65","70","80","swift-swim","battle-armor","weak-armor"
"142","aerodactyl","rock","flying","105","65","80","60","75","130","rock-head","pressure","unnerve"
"143","snorlax","normal","NA","110","65","160","65","110","30","immunity","thick-fat","gluttony"
"144","articuno","ice","flying","85","100","90","95","125","85","pressure","NA","snow-cloak"
"145","zapdos","electric","flying","90","85","90","125","90","100","pressure","NA","static"
"146","moltres","fire","flying","100","90","90","125","85","90","pressure","NA","flame-body"
"147","dratini","dragon","NA","64","45","41","50","50","50","shed-skin","NA","marvel-scale"
"148","dragonair","dragon","NA","84","65","61","70","70","70","shed-skin","NA","marvel-scale"
"149","dragonite","dragon","flying","134","95","91","100","100","80","inner-focus","NA","multiscale"
"150","mewtwo","psychic","NA","110","90","106","154","90","130","pressure","NA","unnerve"
"151","mew","psychic","NA","100","100","100","100","100","100","synchronize","NA","NA"
"152","chikorita","grass","NA","49","65","45","49","65","45","overgrow","NA","leaf-guard"
"153","bayleef","grass","NA","62","80","60","63","80","60","overgrow","NA","leaf-guard"
"154","meganium","grass","NA","82","100","80","83","100","80","overgrow","NA","leaf-guard"
"155","cyndaquil","fire","NA","52","43","39","60","50","65","blaze","NA","flash-fire"
"156","quilava","fire","NA","64","58","58","80","65","80","blaze","NA","flash-fire"
"157","typhlosion","fire","NA","84","78","78","109","85","100","blaze","NA","flash-fire"
"158","totodile","water","NA","65","64","50","44","48","43","torrent","NA","sheer-force"
"159","croconaw","water","NA","80","80","65","59","63","58","torrent","NA","sheer-force"
"160","feraligatr","water","NA","105","100","85","79","83","78","torrent","NA","sheer-force"
"161","sentret","normal","NA","46","34","35","35","45","20","run-away","keen-eye","frisk"
"162","furret","normal","NA","76","64","85","45","55","90","run-away","keen-eye","frisk"
"163","hoothoot","normal","flying","30","30","60","36","56","50","insomnia","keen-eye","tinted-lens"
"164","noctowl","normal","flying","50","50","100","76","96","70","insomnia","keen-eye","tinted-lens"
"165","ledyba","bug","flying","20","30","40","40","80","55","swarm","early-bird","rattled"
"166","ledian","bug","flying","35","50","55","55","110","85","swarm","early-bird","iron-fist"
"167","spinarak","bug","poison","60","40","40","40","40","30","swarm","insomnia","sniper"
"168","ariados","bug","poison","90","70","70","60","60","40","swarm","insomnia","sniper"
"169","crobat","poison","flying","90","80","85","70","80","130","inner-focus","NA","infiltrator"
"170","chinchou","water","electric","38","38","75","56","56","67","volt-absorb","illuminate","water-absorb"
"171","lanturn","water","electric","58","58","125","76","76","67","volt-absorb","illuminate","water-absorb"
"172","pichu","electric","NA","40","15","20","35","35","60","static","NA","lightning-rod"
"173","cleffa","fairy","NA","25","28","50","45","55","15","cute-charm","magic-guard","friend-guard"
"174","igglybuff","normal","fairy","30","15","90","40","20","15","cute-charm","competitive","friend-guard"
"175","togepi","fairy","NA","20","65","35","40","65","20","hustle","serene-grace","super-luck"
"176","togetic","fairy","flying","40","85","55","80","105","40","hustle","serene-grace","super-luck"
"177","natu","psychic","flying","50","45","40","70","45","70","synchronize","early-bird","magic-bounce"
"178","xatu","psychic","flying","75","70","65","95","70","95","synchronize","early-bird","magic-bounce"
"179","mareep","electric","NA","40","40","55","65","45","35","static","NA","plus"
"180","flaaffy","electric","NA","55","55","70","80","60","45","static","NA","plus"
"181","ampharos","electric","NA","75","85","90","115","90","55","static","NA","plus"
"182","bellossom","grass","NA","80","95","75","90","100","50","chlorophyll","NA","healer"
"183","marill","water","fairy","20","50","70","20","50","40","thick-fat","huge-power","sap-sipper"
"184","azumarill","water","fairy","50","80","100","60","80","50","thick-fat","huge-power","sap-sipper"
"185","sudowoodo","rock","NA","100","115","70","30","65","30","sturdy","rock-head","rattled"
"186","politoed","water","NA","75","75","90","90","100","70","water-absorb","damp","drizzle"
"187","hoppip","grass","flying","35","40","35","35","55","50","chlorophyll","leaf-guard","infiltrator"
"188","skiploom","grass","flying","45","50","55","45","65","80","chlorophyll","leaf-guard","infiltrator"
"189","jumpluff","grass","flying","55","70","75","55","95","110","chlorophyll","leaf-guard","infiltrator"
"190","aipom","normal","NA","70","55","55","40","55","85","run-away","pickup","skill-link"
"191","sunkern","grass","NA","30","30","30","30","30","30","chlorophyll","solar-power","early-bird"
"192","sunflora","grass","NA","75","55","75","105","85","30","chlorophyll","solar-power","early-bird"
"193","yanma","bug","flying","65","45","65","75","45","95","speed-boost","compound-eyes","frisk"
"194","wooper","water","ground","45","45","55","25","25","15","damp","water-absorb","unaware"
"195","quagsire","water","ground","85","85","95","65","65","35","damp","water-absorb","unaware"
"196","espeon","psychic","NA","65","60","65","130","95","110","synchronize","NA","magic-bounce"
"197","umbreon","dark","NA","65","110","95","60","130","65","synchronize","NA","inner-focus"
"198","murkrow","dark","flying","85","42","60","85","42","91","insomnia","super-luck","prankster"
"199","slowking","water","psychic","75","80","95","100","110","30","oblivious","own-tempo","regenerator"
"200","misdreavus","ghost","NA","60","60","60","85","85","85","levitate","NA","NA"
"201","unown","psychic","NA","72","48","48","72","48","48","levitate","NA","NA"
"202","wobbuffet","psychic","NA","33","58","190","33","58","33","shadow-tag","NA","telepathy"
"203","girafarig","normal","psychic","80","65","70","90","65","85","inner-focus","early-bird","sap-sipper"
"204","pineco","bug","NA","65","90","50","35","35","15","sturdy","NA","overcoat"
"205","forretress","bug","steel","90","140","75","60","60","40","sturdy","NA","overcoat"
"206","dunsparce","normal","NA","70","70","100","65","65","45","serene-grace","run-away","rattled"
"207","gligar","ground","flying","75","105","65","35","65","85","hyper-cutter","sand-veil","immunity"
"208","steelix","steel","ground","85","200","75","55","65","30","rock-head","sturdy","sheer-force"
"209","snubbull","fairy","NA","80","50","60","40","40","30","intimidate","run-away","rattled"
"210","granbull","fairy","NA","120","75","90","60","60","45","intimidate","quick-feet","rattled"
"211","qwilfish","water","poison","95","75","65","55","55","85","poison-point","swift-swim","intimidate"
"212","scizor","bug","steel","130","100","70","55","80","65","swarm","technician","light-metal"
"213","shuckle","bug","rock","10","230","20","10","230","5","sturdy","gluttony","contrary"
"214","heracross","bug","fighting","125","75","80","40","95","85","swarm","guts","moxie"
"215","sneasel","dark","ice","95","55","55","35","75","115","inner-focus","keen-eye","pickpocket"
"216","teddiursa","normal","NA","80","50","60","50","50","40","pickup","quick-feet","honey-gather"
"217","ursaring","normal","NA","130","75","90","75","75","55","guts","quick-feet","unnerve"
"218","slugma","fire","NA","40","40","40","70","40","20","magma-armor","flame-body","weak-armor"
"219","magcargo","fire","rock","50","120","50","80","80","30","magma-armor","flame-body","weak-armor"
"220","swinub","ice","ground","50","40","50","30","30","50","oblivious","snow-cloak","thick-fat"
"221","piloswine","ice","ground","100","80","100","60","60","50","oblivious","snow-cloak","thick-fat"
"222","corsola","water","rock","55","85","55","65","85","35","hustle","natural-cure","regenerator"
"223","remoraid","water","NA","65","35","35","65","35","65","hustle","sniper","moody"
"224","octillery","water","NA","105","75","75","105","75","45","suction-cups","sniper","moody"
"225","delibird","ice","flying","55","45","45","65","45","75","vital-spirit","hustle","insomnia"
"226","mantine","water","flying","40","70","65","80","140","70","swift-swim","water-absorb","water-veil"
"227","skarmory","steel","flying","80","140","65","40","70","70","keen-eye","sturdy","weak-armor"
"228","houndour","dark","fire","60","30","45","80","50","65","early-bird","flash-fire","unnerve"
"229","houndoom","dark","fire","90","50","75","110","80","95","early-bird","flash-fire","unnerve"
"230","kingdra","water","dragon","95","95","75","95","95","85","swift-swim","sniper","damp"
"231","phanpy","ground","NA","60","60","90","40","40","40","pickup","NA","sand-veil"
"232","donphan","ground","NA","120","120","90","60","60","50","sturdy","NA","sand-veil"
"233","porygon2","normal","NA","80","90","85","105","95","60","trace","download","analytic"
"234","stantler","normal","NA","95","62","73","85","65","85","intimidate","frisk","sap-sipper"
"235","smeargle","normal","NA","20","35","55","20","45","75","own-tempo","technician","moody"
"236","tyrogue","fighting","NA","35","35","35","35","35","35","guts","steadfast","vital-spirit"
"237","hitmontop","fighting","NA","95","95","50","35","110","70","intimidate","technician","steadfast"
"238","smoochum","ice","psychic","30","15","45","85","65","65","oblivious","forewarn","hydration"
"239","elekid","electric","NA","63","37","45","65","55","95","static","NA","vital-spirit"
"240","magby","fire","NA","75","37","45","70","55","83","flame-body","NA","vital-spirit"
"241","miltank","normal","NA","80","105","95","40","70","100","thick-fat","scrappy","sap-sipper"
"242","blissey","normal","NA","10","10","255","75","135","55","natural-cure","serene-grace","healer"
"243","raikou","electric","NA","85","75","90","115","100","115","pressure","NA","volt-absorb"
"244","entei","fire","NA","115","85","115","90","75","100","pressure","NA","flash-fire"
"245","suicune","water","NA","75","115","100","90","115","85","pressure","NA","water-absorb"
"246","larvitar","rock","ground","64","50","50","45","50","41","guts","NA","sand-veil"
"247","pupitar","rock","ground","84","70","70","65","70","51","shed-skin","NA","NA"
"248","tyranitar","rock","dark","134","110","100","95","100","61","sand-stream","NA","unnerve"
"249","lugia","psychic","flying","90","130","106","90","154","110","pressure","NA","multiscale"
"250","ho-oh","fire","flying","130","90","106","110","154","90","pressure","NA","regenerator"
"251","celebi","psychic","grass","100","100","100","100","100","100","natural-cure","NA","NA"
"252","treecko","grass","NA","45","35","40","65","55","70","overgrow","NA","unburden"
"253","grovyle","grass","NA","65","45","50","85","65","95","overgrow","NA","unburden"
"254","sceptile","grass","NA","85","65","70","105","85","120","overgrow","NA","unburden"
"255","torchic","fire","NA","60","40","45","70","50","45","blaze","NA","speed-boost"
"256","combusken","fire","fighting","85","60","60","85","60","55","blaze","NA","speed-boost"
"257","blaziken","fire","fighting","120","70","80","110","70","80","blaze","NA","speed-boost"
"258","mudkip","water","NA","70","50","50","50","50","40","torrent","NA","damp"
"259","marshtomp","water","ground","85","70","70","60","70","50","torrent","NA","damp"
"260","swampert","water","ground","110","90","100","85","90","60","torrent","NA","damp"
"261","poochyena","dark","NA","55","35","35","30","30","35","run-away","quick-feet","rattled"
"262","mightyena","dark","NA","90","70","70","60","60","70","intimidate","quick-feet","moxie"
"263","zigzagoon","normal","NA","30","41","38","30","41","60","pickup","gluttony","quick-feet"
"264","linoone","normal","NA","70","61","78","50","61","100","pickup","gluttony","quick-feet"
"265","wurmple","bug","NA","45","35","45","20","30","20","shield-dust","NA","run-away"
"266","silcoon","bug","NA","35","55","50","25","25","15","shed-skin","NA","NA"
"267","beautifly","bug","flying","70","50","60","100","50","65","swarm","NA","rivalry"
"268","cascoon","bug","NA","35","55","50","25","25","15","shed-skin","NA","NA"
"269","dustox","bug","poison","50","70","60","50","90","65","shield-dust","NA","compound-eyes"
"270","lotad","water","grass","30","30","40","40","50","30","swift-swim","rain-dish","own-tempo"
"271","lombre","water","grass","50","50","60","60","70","50","swift-swim","rain-dish","own-tempo"
"272","ludicolo","water","grass","70","70","80","90","100","70","swift-swim","rain-dish","own-tempo"
"273","seedot","grass","NA","40","50","40","30","30","30","chlorophyll","early-bird","pickpocket"
"274","nuzleaf","grass","dark","70","40","70","60","40","60","chlorophyll","early-bird","pickpocket"
"275","shiftry","grass","dark","100","60","90","90","60","80","chlorophyll","early-bird","pickpocket"
"276","taillow","normal","flying","55","30","40","30","30","85","guts","NA","scrappy"
"277","swellow","normal","flying","85","60","60","50","50","125","guts","NA","scrappy"
"278","wingull","water","flying","30","30","40","55","30","85","keen-eye","NA","rain-dish"
"279","pelipper","water","flying","50","100","60","85","70","65","keen-eye","NA","rain-dish"
"280","ralts","psychic","fairy","25","25","28","45","35","40","synchronize","trace","telepathy"
"281","kirlia","psychic","fairy","35","35","38","65","55","50","synchronize","trace","telepathy"
"282","gardevoir","psychic","fairy","65","65","68","125","115","80","synchronize","trace","telepathy"
"283","surskit","bug","water","30","32","40","50","52","65","swift-swim","NA","rain-dish"
"284","masquerain","bug","flying","60","62","70","80","82","60","intimidate","NA","unnerve"
"285","shroomish","grass","NA","40","60","60","40","60","35","effect-spore","poison-heal","quick-feet"
"286","breloom","grass","fighting","130","80","60","60","60","70","effect-spore","poison-heal","technician"
"287","slakoth","normal","NA","60","60","60","35","35","30","truant","NA","NA"
"288","vigoroth","normal","NA","80","80","80","55","55","90","vital-spirit","NA","NA"
"289","slaking","normal","NA","160","100","150","95","65","100","truant","NA","NA"
"290","nincada","bug","ground","45","90","31","30","30","40","compound-eyes","NA","run-away"
"291","ninjask","bug","flying","90","45","61","50","50","160","speed-boost","NA","infiltrator"
"292","shedinja","bug","ghost","90","45","1","30","30","40","wonder-guard","NA","NA"
"293","whismur","normal","NA","51","23","64","51","23","28","soundproof","NA","rattled"
"294","loudred","normal","NA","71","43","84","71","43","48","soundproof","NA","scrappy"
"295","exploud","normal","NA","91","63","104","91","73","68","soundproof","NA","scrappy"
"296","makuhita","fighting","NA","60","30","72","20","30","25","thick-fat","guts","sheer-force"
"297","hariyama","fighting","NA","120","60","144","40","60","50","thick-fat","guts","sheer-force"
"298","azurill","normal","fairy","20","40","50","20","40","20","thick-fat","huge-power","sap-sipper"
"299","nosepass","rock","NA","45","135","30","45","90","30","sturdy","magnet-pull","sand-force"
"300","skitty","normal","NA","45","45","50","35","35","50","cute-charm","normalize","wonder-skin"
"301","delcatty","normal","NA","65","65","70","55","55","70","cute-charm","normalize","wonder-skin"
"302","sableye","dark","ghost","75","75","50","65","65","50","keen-eye","stall","prankster"
"303","mawile","steel","fairy","85","85","50","55","55","50","hyper-cutter","intimidate","sheer-force"
"304","aron","steel","rock","70","100","50","40","40","30","sturdy","rock-head","heavy-metal"
"305","lairon","steel","rock","90","140","60","50","50","40","sturdy","rock-head","heavy-metal"
"306","aggron","steel","rock","110","180","70","60","60","50","sturdy","rock-head","heavy-metal"
"307","meditite","fighting","psychic","40","55","30","40","55","60","pure-power","NA","telepathy"
"308","medicham","fighting","psychic","60","75","60","60","75","80","pure-power","NA","telepathy"
"309","electrike","electric","NA","45","40","40","65","40","65","static","lightning-rod","minus"
"310","manectric","electric","NA","75","60","70","105","60","105","static","lightning-rod","minus"
"311","plusle","electric","NA","50","40","60","85","75","95","plus","NA","lightning-rod"
"312","minun","electric","NA","40","50","60","75","85","95","minus","NA","volt-absorb"
"313","volbeat","bug","NA","73","55","65","47","75","85","illuminate","swarm","prankster"
"314","illumise","bug","NA","47","55","65","73","75","85","oblivious","tinted-lens","prankster"
"315","roselia","grass","poison","60","45","50","100","80","65","natural-cure","poison-point","leaf-guard"
"316","gulpin","poison","NA","43","53","70","43","53","40","liquid-ooze","sticky-hold","gluttony"
"317","swalot","poison","NA","73","83","100","73","83","55","liquid-ooze","sticky-hold","gluttony"
"318","carvanha","water","dark","90","20","45","65","20","65","rough-skin","NA","speed-boost"
"319","sharpedo","water","dark","120","40","70","95","40","95","rough-skin","NA","speed-boost"
"320","wailmer","water","NA","70","35","130","70","35","60","water-veil","oblivious","pressure"
"321","wailord","water","NA","90","45","170","90","45","60","water-veil","oblivious","pressure"
"322","numel","fire","ground","60","40","60","65","45","35","oblivious","simple","own-tempo"
"323","camerupt","fire","ground","100","70","70","105","75","40","magma-armor","solid-rock","anger-point"
"324","torkoal","fire","NA","85","140","70","85","70","20","white-smoke","NA","shell-armor"
"325","spoink","psychic","NA","25","35","60","70","80","60","thick-fat","own-tempo","gluttony"
"326","grumpig","psychic","NA","45","65","80","90","110","80","thick-fat","own-tempo","gluttony"
"327","spinda","normal","NA","60","60","60","60","60","60","own-tempo","tangled-feet","contrary"
"328","trapinch","ground","NA","100","45","45","45","45","10","hyper-cutter","arena-trap","sheer-force"
"329","vibrava","ground","dragon","70","50","50","50","50","70","levitate","NA","NA"
"330","flygon","ground","dragon","100","80","80","80","80","100","levitate","NA","NA"
"331","cacnea","grass","NA","85","40","50","85","40","35","sand-veil","NA","water-absorb"
"332","cacturne","grass","dark","115","60","70","115","60","55","sand-veil","NA","water-absorb"
"333","swablu","normal","flying","40","60","45","40","75","50","natural-cure","NA","cloud-nine"
"334","altaria","dragon","flying","70","90","75","70","105","80","natural-cure","NA","cloud-nine"
"335","zangoose","normal","NA","115","60","73","60","60","90","immunity","NA","toxic-boost"
"336","seviper","poison","NA","100","60","73","100","60","65","shed-skin","NA","infiltrator"
"337","lunatone","rock","psychic","55","65","70","95","85","70","levitate","NA","NA"
"338","solrock","rock","psychic","95","85","70","55","65","70","levitate","NA","NA"
"339","barboach","water","ground","48","43","50","46","41","60","oblivious","anticipation","hydration"
"340","whiscash","water","ground","78","73","110","76","71","60","oblivious","anticipation","hydration"
"341","corphish","water","NA","80","65","43","50","35","35","hyper-cutter","shell-armor","adaptability"
"342","crawdaunt","water","dark","120","85","63","90","55","55","hyper-cutter","shell-armor","adaptability"
"343","baltoy","ground","psychic","40","55","40","40","70","55","levitate","NA","NA"
"344","claydol","ground","psychic","70","105","60","70","120","75","levitate","NA","NA"
"345","lileep","rock","grass","41","77","66","61","87","23","suction-cups","NA","storm-drain"
"346","cradily","rock","grass","81","97","86","81","107","43","suction-cups","NA","storm-drain"
"347","anorith","rock","bug","95","50","45","40","50","75","battle-armor","NA","swift-swim"
"348","armaldo","rock","bug","125","100","75","70","80","45","battle-armor","NA","swift-swim"
"349","feebas","water","NA","15","20","20","10","55","80","swift-swim","oblivious","adaptability"
"350","milotic","water","NA","60","79","95","100","125","81","marvel-scale","competitive","cute-charm"
"351","castform","normal","NA","70","70","70","70","70","70","forecast","NA","NA"
"352","kecleon","normal","NA","90","70","60","60","120","40","color-change","NA","protean"
"353","shuppet","ghost","NA","75","35","44","63","33","45","insomnia","frisk","cursed-body"
"354","banette","ghost","NA","115","65","64","83","63","65","insomnia","frisk","cursed-body"
"355","duskull","ghost","NA","40","90","20","30","90","25","levitate","NA","frisk"
"356","dusclops","ghost","NA","70","130","40","60","130","25","pressure","NA","frisk"
"357","tropius","grass","flying","68","83","99","72","87","51","chlorophyll","solar-power","harvest"
"358","chimecho","psychic","NA","50","70","65","95","80","65","levitate","NA","NA"
"359","absol","dark","NA","130","60","65","75","60","75","pressure","super-luck","justified"
"360","wynaut","psychic","NA","23","48","95","23","48","23","shadow-tag","NA","telepathy"
"361","snorunt","ice","NA","50","50","50","50","50","50","inner-focus","ice-body","moody"
"362","glalie","ice","NA","80","80","80","80","80","80","inner-focus","ice-body","moody"
"363","spheal","ice","water","40","50","70","55","50","25","thick-fat","ice-body","oblivious"
"364","sealeo","ice","water","60","70","90","75","70","45","thick-fat","ice-body","oblivious"
"365","walrein","ice","water","80","90","110","95","90","65","thick-fat","ice-body","oblivious"
"366","clamperl","water","NA","64","85","35","74","55","32","shell-armor","NA","rattled"
"367","huntail","water","NA","104","105","55","94","75","52","swift-swim","NA","water-veil"
"368","gorebyss","water","NA","84","105","55","114","75","52","swift-swim","NA","hydration"
"369","relicanth","water","rock","90","130","100","45","65","55","swift-swim","rock-head","sturdy"
"370","luvdisc","water","NA","30","55","43","40","65","97","swift-swim","NA","hydration"
"371","bagon","dragon","NA","75","60","45","40","30","50","rock-head","NA","sheer-force"
"372","shelgon","dragon","NA","95","100","65","60","50","50","rock-head","NA","overcoat"
"373","salamence","dragon","flying","135","80","95","110","80","100","intimidate","NA","moxie"
"374","beldum","steel","psychic","55","80","40","35","60","30","clear-body","NA","light-metal"
"375","metang","steel","psychic","75","100","60","55","80","50","clear-body","NA","light-metal"
"376","metagross","steel","psychic","135","130","80","95","90","70","clear-body","NA","light-metal"
"377","regirock","rock","NA","100","200","80","50","100","50","clear-body","NA","sturdy"
"378","regice","ice","NA","50","100","80","100","200","50","clear-body","NA","ice-body"
"379","registeel","steel","NA","75","150","80","75","150","50","clear-body","NA","light-metal"
"380","latias","dragon","psychic","80","90","80","110","130","110","levitate","NA","NA"
"381","latios","dragon","psychic","90","80","80","130","110","110","levitate","NA","NA"
"382","kyogre","water","NA","100","90","100","150","140","90","drizzle","NA","NA"
"383","groudon","ground","NA","150","140","100","100","90","90","drought","NA","NA"
"384","rayquaza","dragon","flying","150","90","105","150","90","95","air-lock","NA","NA"
"385","jirachi","steel","psychic","100","100","100","100","100","100","serene-grace","NA","NA"
"386","deoxys-normal","psychic","NA","150","50","50","150","50","150","pressure","NA","NA"
"387","turtwig","grass","NA","68","64","55","45","55","31","overgrow","NA","shell-armor"
"388","grotle","grass","NA","89","85","75","55","65","36","overgrow","NA","shell-armor"
"389","torterra","grass","ground","109","105","95","75","85","56","overgrow","NA","shell-armor"
"390","chimchar","fire","NA","58","44","44","58","44","61","blaze","NA","iron-fist"
"391","monferno","fire","fighting","78","52","64","78","52","81","blaze","NA","iron-fist"
"392","infernape","fire","fighting","104","71","76","104","71","108","blaze","NA","iron-fist"
"393","piplup","water","NA","51","53","53","61","56","40","torrent","NA","defiant"
"394","prinplup","water","NA","66","68","64","81","76","50","torrent","NA","defiant"
"395","empoleon","water","steel","86","88","84","111","101","60","torrent","NA","defiant"
"396","starly","normal","flying","55","30","40","30","30","60","keen-eye","NA","reckless"
"397","staravia","normal","flying","75","50","55","40","40","80","intimidate","NA","reckless"
"398","staraptor","normal","flying","120","70","85","50","60","100","intimidate","NA","reckless"
"399","bidoof","normal","NA","45","40","59","35","40","31","simple","unaware","moody"
"400","bibarel","normal","water","85","60","79","55","60","71","simple","unaware","moody"
"401","kricketot","bug","NA","25","41","37","25","41","25","shed-skin","NA","run-away"
"402","kricketune","bug","NA","85","51","77","55","51","65","swarm","NA","technician"
"403","shinx","electric","NA","65","34","45","40","34","45","rivalry","intimidate","guts"
"404","luxio","electric","NA","85","49","60","60","49","60","rivalry","intimidate","guts"
"405","luxray","electric","NA","120","79","80","95","79","70","rivalry","intimidate","guts"
"406","budew","grass","poison","30","35","40","50","70","55","natural-cure","poison-point","leaf-guard"
"407","roserade","grass","poison","70","65","60","125","105","90","natural-cure","poison-point","technician"
"408","cranidos","rock","NA","125","40","67","30","30","58","mold-breaker","NA","sheer-force"
"409","rampardos","rock","NA","165","60","97","65","50","58","mold-breaker","NA","sheer-force"
"410","shieldon","rock","steel","42","118","30","42","88","30","sturdy","NA","soundproof"
"411","bastiodon","rock","steel","52","168","60","47","138","30","sturdy","NA","soundproof"
"412","burmy","bug","NA","29","45","40","29","45","36","shed-skin","NA","overcoat"
"413","wormadam-plant","bug","grass","59","85","60","79","105","36","anticipation","NA","overcoat"
"414","mothim","bug","flying","94","50","70","94","50","66","swarm","NA","tinted-lens"
"415","combee","bug","flying","30","42","30","30","42","70","honey-gather","NA","hustle"
"416","vespiquen","bug","flying","80","102","70","80","102","40","pressure","NA","unnerve"
"417","pachirisu","electric","NA","45","70","60","45","90","95","run-away","pickup","volt-absorb"
"418","buizel","water","NA","65","35","55","60","30","85","swift-swim","NA","water-veil"
"419","floatzel","water","NA","105","55","85","85","50","115","swift-swim","NA","water-veil"
"420","cherubi","grass","NA","35","45","45","62","53","35","chlorophyll","NA","NA"
"421","cherrim","grass","NA","60","70","70","87","78","85","flower-gift","NA","NA"
"422","shellos","water","NA","48","48","76","57","62","34","sticky-hold","storm-drain","sand-force"
"423","gastrodon","water","ground","83","68","111","92","82","39","sticky-hold","storm-drain","sand-force"
"424","ambipom","normal","NA","100","66","75","60","66","115","technician","pickup","skill-link"
"425","drifloon","ghost","flying","50","34","90","60","44","70","aftermath","unburden","flare-boost"
"426","drifblim","ghost","flying","80","44","150","90","54","80","aftermath","unburden","flare-boost"
"427","buneary","normal","NA","66","44","55","44","56","85","run-away","klutz","limber"
"428","lopunny","normal","NA","76","84","65","54","96","105","cute-charm","klutz","limber"
"429","mismagius","ghost","NA","60","60","60","105","105","105","levitate","NA","NA"
"430","honchkrow","dark","flying","125","52","100","105","52","71","insomnia","super-luck","moxie"
"431","glameow","normal","NA","55","42","49","42","37","85","limber","own-tempo","keen-eye"
"432","purugly","normal","NA","82","64","71","64","59","112","thick-fat","own-tempo","defiant"
"433","chingling","psychic","NA","30","50","45","65","50","45","levitate","NA","NA"
"434","stunky","poison","dark","63","47","63","41","41","74","stench","aftermath","keen-eye"
"435","skuntank","poison","dark","93","67","103","71","61","84","stench","aftermath","keen-eye"
"436","bronzor","steel","psychic","24","86","57","24","86","23","levitate","heatproof","heavy-metal"
"437","bronzong","steel","psychic","89","116","67","79","116","33","levitate","heatproof","heavy-metal"
"438","bonsly","rock","NA","80","95","50","10","45","10","sturdy","rock-head","rattled"
"439","mime-jr","psychic","fairy","25","45","20","70","90","60","soundproof","filter","technician"
"440","happiny","normal","NA","5","5","100","15","65","30","natural-cure","serene-grace","friend-guard"
"441","chatot","normal","flying","65","45","76","92","42","91","keen-eye","tangled-feet","big-pecks"
"442","spiritomb","ghost","dark","92","108","50","92","108","35","pressure","NA","infiltrator"
"443","gible","dragon","ground","70","45","58","40","45","42","sand-veil","NA","rough-skin"
"444","gabite","dragon","ground","90","65","68","50","55","82","sand-veil","NA","rough-skin"
"445","garchomp","dragon","ground","130","95","108","80","85","102","sand-veil","NA","rough-skin"
"446","munchlax","normal","NA","85","40","135","40","85","5","pickup","thick-fat","gluttony"
"447","riolu","fighting","NA","70","40","40","35","40","60","steadfast","inner-focus","prankster"
"448","lucario","fighting","steel","110","70","70","115","70","90","steadfast","inner-focus","justified"
"449","hippopotas","ground","NA","72","78","68","38","42","32","sand-stream","NA","sand-force"
"450","hippowdon","ground","NA","112","118","108","68","72","47","sand-stream","NA","sand-force"
"451","skorupi","poison","bug","50","90","40","30","55","65","battle-armor","sniper","keen-eye"
"452","drapion","poison","dark","90","110","70","60","75","95","battle-armor","sniper","keen-eye"
"453","croagunk","poison","fighting","61","40","48","61","40","50","anticipation","dry-skin","poison-touch"
"454","toxicroak","poison","fighting","106","65","83","86","65","85","anticipation","dry-skin","poison-touch"
"455","carnivine","grass","NA","100","72","74","90","72","46","levitate","NA","NA"
"456","finneon","water","NA","49","56","49","49","61","66","swift-swim","storm-drain","water-veil"
"457","lumineon","water","NA","69","76","69","69","86","91","swift-swim","storm-drain","water-veil"
"458","mantyke","water","flying","20","50","45","60","120","50","swift-swim","water-absorb","water-veil"
"459","snover","grass","ice","62","50","60","62","60","40","snow-warning","NA","soundproof"
"460","abomasnow","grass","ice","92","75","90","92","85","60","snow-warning","NA","soundproof"
"461","weavile","dark","ice","120","65","70","45","85","125","pressure","NA","pickpocket"
"462","magnezone","electric","steel","70","115","70","130","90","60","magnet-pull","sturdy","analytic"
"463","lickilicky","normal","NA","85","95","110","80","95","50","own-tempo","oblivious","cloud-nine"
"464","rhyperior","ground","rock","140","130","115","55","55","40","lightning-rod","solid-rock","reckless"
"465","tangrowth","grass","NA","100","125","100","110","50","50","chlorophyll","leaf-guard","regenerator"
"466","electivire","electric","NA","123","67","75","95","85","95","motor-drive","NA","vital-spirit"
"467","magmortar","fire","NA","95","67","75","125","95","83","flame-body","NA","vital-spirit"
"468","togekiss","fairy","flying","50","95","85","120","115","80","hustle","serene-grace","super-luck"
"469","yanmega","bug","flying","76","86","86","116","56","95","speed-boost","tinted-lens","frisk"
"470","leafeon","grass","NA","110","130","65","60","65","95","leaf-guard","NA","chlorophyll"
"471","glaceon","ice","NA","60","110","65","130","95","65","snow-cloak","NA","ice-body"
"472","gliscor","ground","flying","95","125","75","45","75","95","hyper-cutter","sand-veil","poison-heal"
"473","mamoswine","ice","ground","130","80","110","70","60","80","oblivious","snow-cloak","thick-fat"
"474","porygon-z","normal","NA","80","70","85","135","75","90","adaptability","download","analytic"
"475","gallade","psychic","fighting","125","65","68","65","115","80","steadfast","NA","justified"
"476","probopass","rock","steel","55","145","60","75","150","40","sturdy","magnet-pull","sand-force"
"477","dusknoir","ghost","NA","100","135","45","65","135","45","pressure","NA","frisk"
"478","froslass","ice","ghost","80","70","70","80","70","110","snow-cloak","NA","cursed-body"
"479","rotom","electric","ghost","50","77","50","95","77","91","levitate","NA","NA"
"480","uxie","psychic","NA","75","130","75","75","130","95","levitate","NA","NA"
"481","mesprit","psychic","NA","105","105","80","105","105","80","levitate","NA","NA"
"482","azelf","psychic","NA","125","70","75","125","70","115","levitate","NA","NA"
"483","dialga","steel","dragon","120","120","100","150","100","90","pressure","NA","telepathy"
"484","palkia","water","dragon","120","100","90","150","120","100","pressure","NA","telepathy"
"485","heatran","fire","steel","90","106","91","130","106","77","flash-fire","NA","flame-body"
"486","regigigas","normal","NA","160","110","110","80","110","100","slow-start","NA","NA"
"487","giratina-altered","ghost","dragon","100","120","150","100","120","90","pressure","NA","telepathy"
"488","cresselia","psychic","NA","70","120","120","75","130","85","levitate","NA","NA"
"489","phione","water","NA","80","80","80","80","80","80","hydration","NA","NA"
"490","manaphy","water","NA","100","100","100","100","100","100","hydration","NA","NA"
"491","darkrai","dark","NA","90","90","70","135","90","125","bad-dreams","NA","NA"
"492","shaymin-land","grass","NA","100","100","100","100","100","100","natural-cure","NA","NA"
"493","arceus","normal","NA","120","120","120","120","120","120","multitype","NA","NA"
"494","victini","psychic","fire","100","100","100","100","100","100","victory-star","NA","NA"
"495","snivy","grass","NA","45","55","45","45","55","63","overgrow","NA","contrary"
"496","servine","grass","NA","60","75","60","60","75","83","overgrow","NA","contrary"
"497","serperior","grass","NA","75","95","75","75","95","113","overgrow","NA","contrary"
"498","tepig","fire","NA","63","45","65","45","45","45","blaze","NA","thick-fat"
"499","pignite","fire","fighting","93","55","90","70","55","55","blaze","NA","thick-fat"
"500","emboar","fire","fighting","123","65","110","100","65","65","blaze","NA","reckless"
"501","oshawott","water","NA","55","45","55","63","45","45","torrent","NA","shell-armor"
"502","dewott","water","NA","75","60","75","83","60","60","torrent","NA","shell-armor"
"503","samurott","water","NA","100","85","95","108","70","70","torrent","NA","shell-armor"
"504","patrat","normal","NA","55","39","45","35","39","42","run-away","keen-eye","analytic"
"505","watchog","normal","NA","85","69","60","60","69","77","illuminate","keen-eye","analytic"
"506","lillipup","normal","NA","60","45","45","25","45","55","vital-spirit","pickup","run-away"
"507","herdier","normal","NA","80","65","65","35","65","60","intimidate","sand-rush","scrappy"
"508","stoutland","normal","NA","110","90","85","45","90","80","intimidate","sand-rush","scrappy"
"509","purrloin","dark","NA","50","37","41","50","37","66","limber","unburden","prankster"
"510","liepard","dark","NA","88","50","64","88","50","106","limber","unburden","prankster"
"511","pansage","grass","NA","53","48","50","53","48","64","gluttony","NA","overgrow"
"512","simisage","grass","NA","98","63","75","98","63","101","gluttony","NA","overgrow"
"513","pansear","fire","NA","53","48","50","53","48","64","gluttony","NA","blaze"
"514","simisear","fire","NA","98","63","75","98","63","101","gluttony","NA","blaze"
"515","panpour","water","NA","53","48","50","53","48","64","gluttony","NA","torrent"
"516","simipour","water","NA","98","63","75","98","63","101","gluttony","NA","torrent"
"517","munna","psychic","NA","25","45","76","67","55","24","forewarn","synchronize","telepathy"
"518","musharna","psychic","NA","55","85","116","107","95","29","forewarn","synchronize","telepathy"
"519","pidove","normal","flying","55","50","50","36","30","43","big-pecks","super-luck","rivalry"
"520","tranquill","normal","flying","77","62","62","50","42","65","big-pecks","super-luck","rivalry"
"521","unfezant","normal","flying","115","80","80","65","55","93","big-pecks","super-luck","rivalry"
"522","blitzle","electric","NA","60","32","45","50","32","76","lightning-rod","motor-drive","sap-sipper"
"523","zebstrika","electric","NA","100","63","75","80","63","116","lightning-rod","motor-drive","sap-sipper"
"524","roggenrola","rock","NA","75","85","55","25","25","15","sturdy","NA","sand-force"
"525","boldore","rock","NA","105","105","70","50","40","20","sturdy","NA","sand-force"
"526","gigalith","rock","NA","135","130","85","60","80","25","sturdy","NA","sand-force"
"527","woobat","psychic","flying","45","43","55","55","43","72","unaware","klutz","simple"
"528","swoobat","psychic","flying","57","55","67","77","55","114","unaware","klutz","simple"
"529","drilbur","ground","NA","85","40","60","30","45","68","sand-rush","sand-force","mold-breaker"
"530","excadrill","ground","steel","135","60","110","50","65","88","sand-rush","sand-force","mold-breaker"
"531","audino","normal","NA","60","86","103","60","86","50","healer","regenerator","klutz"
"532","timburr","fighting","NA","80","55","75","25","35","35","guts","sheer-force","iron-fist"
"533","gurdurr","fighting","NA","105","85","85","40","50","40","guts","sheer-force","iron-fist"
"534","conkeldurr","fighting","NA","140","95","105","55","65","45","guts","sheer-force","iron-fist"
"535","tympole","water","NA","50","40","50","50","40","64","swift-swim","hydration","water-absorb"
"536","palpitoad","water","ground","65","55","75","65","55","69","swift-swim","hydration","water-absorb"
"537","seismitoad","water","ground","95","75","105","85","75","74","swift-swim","poison-touch","water-absorb"
"538","throh","fighting","NA","100","85","120","30","85","45","guts","inner-focus","mold-breaker"
"539","sawk","fighting","NA","125","75","75","30","75","85","sturdy","inner-focus","mold-breaker"
"540","sewaddle","bug","grass","53","70","45","40","60","42","swarm","chlorophyll","overcoat"
"541","swadloon","bug","grass","63","90","55","50","80","42","leaf-guard","chlorophyll","overcoat"
"542","leavanny","bug","grass","103","80","75","70","80","92","swarm","chlorophyll","overcoat"
"543","venipede","bug","poison","45","59","30","30","39","57","poison-point","swarm","speed-boost"
"544","whirlipede","bug","poison","55","99","40","40","79","47","poison-point","swarm","speed-boost"
"545","scolipede","bug","poison","100","89","60","55","69","112","poison-point","swarm","speed-boost"
"546","cottonee","grass","fairy","27","60","40","37","50","66","prankster","infiltrator","chlorophyll"
"547","whimsicott","grass","fairy","67","85","60","77","75","116","prankster","infiltrator","chlorophyll"
"548","petilil","grass","NA","35","50","45","70","50","30","chlorophyll","own-tempo","leaf-guard"
"549","lilligant","grass","NA","60","75","70","110","75","90","chlorophyll","own-tempo","leaf-guard"
"550","basculin-red-striped","water","NA","92","65","70","80","55","98","reckless","adaptability","mold-breaker"
"551","sandile","ground","dark","72","35","50","35","35","65","intimidate","moxie","anger-point"
"552","krokorok","ground","dark","82","45","60","45","45","74","intimidate","moxie","anger-point"
"553","krookodile","ground","dark","117","80","95","65","70","92","intimidate","moxie","anger-point"
"554","darumaka","fire","NA","90","45","70","15","45","50","hustle","NA","inner-focus"
"555","darmanitan-standard","fire","NA","140","55","105","30","55","95","sheer-force","NA","zen-mode"
"556","maractus","grass","NA","86","67","75","106","67","60","water-absorb","chlorophyll","storm-drain"
"557","dwebble","bug","rock","65","85","50","35","35","55","sturdy","shell-armor","weak-armor"
"558","crustle","bug","rock","95","125","70","65","75","45","sturdy","shell-armor","weak-armor"
"559","scraggy","dark","fighting","75","70","50","35","70","48","shed-skin","moxie","intimidate"
"560","scrafty","dark","fighting","90","115","65","45","115","58","shed-skin","moxie","intimidate"
"561","sigilyph","psychic","flying","58","80","72","103","80","97","wonder-skin","magic-guard","tinted-lens"
"562","yamask","ghost","NA","30","85","38","55","65","30","mummy","NA","NA"
"563","cofagrigus","ghost","NA","50","145","58","95","105","30","mummy","NA","NA"
"564","tirtouga","water","rock","78","103","54","53","45","22","solid-rock","sturdy","swift-swim"
"565","carracosta","water","rock","108","133","74","83","65","32","solid-rock","sturdy","swift-swim"
"566","archen","rock","flying","112","45","55","74","45","70","defeatist","NA","NA"
"567","archeops","rock","flying","140","65","75","112","65","110","defeatist","NA","NA"
"568","trubbish","poison","NA","50","62","50","40","62","65","stench","sticky-hold","aftermath"
"569","garbodor","poison","NA","95","82","80","60","82","75","stench","weak-armor","aftermath"
"570","zorua","dark","NA","65","40","40","80","40","65","illusion","NA","NA"
"571","zoroark","dark","NA","105","60","60","120","60","105","illusion","NA","NA"
"572","minccino","normal","NA","50","40","55","40","40","75","cute-charm","technician","skill-link"
"573","cinccino","normal","NA","95","60","75","65","60","115","cute-charm","technician","skill-link"
"574","gothita","psychic","NA","30","50","45","55","65","45","frisk","competitive","shadow-tag"
"575","gothorita","psychic","NA","45","70","60","75","85","55","frisk","competitive","shadow-tag"
"576","gothitelle","psychic","NA","55","95","70","95","110","65","frisk","competitive","shadow-tag"
"577","solosis","psychic","NA","30","40","45","105","50","20","overcoat","magic-guard","regenerator"
"578","duosion","psychic","NA","40","50","65","125","60","30","overcoat","magic-guard","regenerator"
"579","reuniclus","psychic","NA","65","75","110","125","85","30","overcoat","magic-guard","regenerator"
"580","ducklett","water","flying","44","50","62","44","50","55","keen-eye","big-pecks","hydration"
"581","swanna","water","flying","87","63","75","87","63","98","keen-eye","big-pecks","hydration"
"582","vanillite","ice","NA","50","50","36","65","60","44","ice-body","NA","weak-armor"
"583","vanillish","ice","NA","65","65","51","80","75","59","ice-body","NA","weak-armor"
"584","vanilluxe","ice","NA","95","85","71","110","95","79","ice-body","NA","weak-armor"
"585","deerling","normal","grass","60","50","60","40","50","75","chlorophyll","sap-sipper","serene-grace"
"586","sawsbuck","normal","grass","100","70","80","60","70","95","chlorophyll","sap-sipper","serene-grace"
"587","emolga","electric","flying","75","60","55","75","60","103","static","NA","motor-drive"
"588","karrablast","bug","NA","75","45","50","40","45","60","swarm","shed-skin","no-guard"
"589","escavalier","bug","steel","135","105","70","60","105","20","swarm","shell-armor","overcoat"
"590","foongus","grass","poison","55","45","69","55","55","15","effect-spore","NA","regenerator"
"591","amoonguss","grass","poison","85","70","114","85","80","30","effect-spore","NA","regenerator"
"592","frillish","water","ghost","40","50","55","65","85","40","water-absorb","cursed-body","damp"
"593","jellicent","water","ghost","60","70","100","85","105","60","water-absorb","cursed-body","damp"
"594","alomomola","water","NA","75","80","165","40","45","65","healer","hydration","regenerator"
"595","joltik","bug","electric","47","50","50","57","50","65","compound-eyes","unnerve","swarm"
"596","galvantula","bug","electric","77","60","70","97","60","108","compound-eyes","unnerve","swarm"
"597","ferroseed","grass","steel","50","91","44","24","86","10","iron-barbs","NA","NA"
"598","ferrothorn","grass","steel","94","131","74","54","116","20","iron-barbs","NA","anticipation"
"599","klink","steel","NA","55","70","40","45","60","30","plus","minus","clear-body"
"600","klang","steel","NA","80","95","60","70","85","50","plus","minus","clear-body"
"601","klinklang","steel","NA","100","115","60","70","85","90","plus","minus","clear-body"
"602","tynamo","electric","NA","55","40","35","45","40","60","levitate","NA","NA"
"603","eelektrik","electric","NA","85","70","65","75","70","40","levitate","NA","NA"
"604","eelektross","electric","NA","115","80","85","105","80","50","levitate","NA","NA"
"605","elgyem","psychic","NA","55","55","55","85","55","30","telepathy","synchronize","analytic"
"606","beheeyem","psychic","NA","75","75","75","125","95","40","telepathy","synchronize","analytic"
"607","litwick","ghost","fire","30","55","50","65","55","20","flash-fire","flame-body","infiltrator"
"608","lampent","ghost","fire","40","60","60","95","60","55","flash-fire","flame-body","infiltrator"
"609","chandelure","ghost","fire","55","90","60","145","90","80","flash-fire","flame-body","infiltrator"
"610","axew","dragon","NA","87","60","46","30","40","57","rivalry","mold-breaker","unnerve"
"611","fraxure","dragon","NA","117","70","66","40","50","67","rivalry","mold-breaker","unnerve"
"612","haxorus","dragon","NA","147","90","76","60","70","97","rivalry","mold-breaker","unnerve"
"613","cubchoo","ice","NA","70","40","55","60","40","40","snow-cloak","NA","rattled"
"614","beartic","ice","NA","110","80","95","70","80","50","snow-cloak","NA","swift-swim"
"615","cryogonal","ice","NA","50","30","70","95","135","105","levitate","NA","NA"
"616","shelmet","bug","NA","40","85","50","40","65","25","hydration","shell-armor","overcoat"
"617","accelgor","bug","NA","70","40","80","100","60","145","hydration","sticky-hold","unburden"
"618","stunfisk","ground","electric","66","84","109","81","99","32","static","limber","sand-veil"
"619","mienfoo","fighting","NA","85","50","45","55","50","65","inner-focus","regenerator","reckless"
"620","mienshao","fighting","NA","125","60","65","95","60","105","inner-focus","regenerator","reckless"
"621","druddigon","dragon","NA","120","90","77","60","90","48","rough-skin","sheer-force","mold-breaker"
"622","golett","ground","ghost","74","50","59","35","50","35","iron-fist","klutz","no-guard"
"623","golurk","ground","ghost","124","80","89","55","80","55","iron-fist","klutz","no-guard"
"624","pawniard","dark","steel","85","70","45","40","40","60","defiant","inner-focus","pressure"
"625","bisharp","dark","steel","125","100","65","60","70","70","defiant","inner-focus","pressure"
"626","bouffalant","normal","NA","110","95","95","40","95","55","reckless","sap-sipper","soundproof"
"627","rufflet","normal","flying","83","50","70","37","50","60","keen-eye","sheer-force","hustle"
"628","braviary","normal","flying","123","75","100","57","75","80","keen-eye","sheer-force","defiant"
"629","vullaby","dark","flying","55","75","70","45","65","60","big-pecks","overcoat","weak-armor"
"630","mandibuzz","dark","flying","65","105","110","55","95","80","big-pecks","overcoat","weak-armor"
"631","heatmor","fire","NA","97","66","85","105","66","65","gluttony","flash-fire","white-smoke"
"632","durant","bug","steel","109","112","58","48","48","109","swarm","hustle","truant"
"633","deino","dark","dragon","65","50","52","45","50","38","hustle","NA","NA"
"634","zweilous","dark","dragon","85","70","72","65","70","58","hustle","NA","NA"
"635","hydreigon","dark","dragon","105","90","92","125","90","98","levitate","NA","NA"
"636","larvesta","bug","fire","85","55","55","50","55","60","flame-body","NA","swarm"
"637","volcarona","bug","fire","60","65","85","135","105","100","flame-body","NA","swarm"
"638","cobalion","steel","fighting","90","129","91","90","72","108","justified","NA","NA"
"639","terrakion","rock","fighting","129","90","91","72","90","108","justified","NA","NA"
"640","virizion","grass","fighting","90","72","91","90","129","108","justified","NA","NA"
"641","tornadus-incarnate","flying","NA","115","70","79","125","80","111","prankster","NA","defiant"
"642","thundurus-incarnate","electric","flying","115","70","79","125","80","111","prankster","NA","defiant"
"643","reshiram","dragon","fire","120","100","100","150","120","90","turboblaze","NA","NA"
"644","zekrom","dragon","electric","150","120","100","120","100","90","teravolt","NA","NA"
"645","landorus-incarnate","ground","flying","125","90","89","115","80","101","sand-force","NA","sheer-force"
"646","kyurem","dragon","ice","130","90","125","130","90","95","pressure","NA","NA"
"647","keldeo-ordinary","water","fighting","72","90","91","129","90","108","justified","NA","NA"
"648","meloetta-aria","normal","psychic","77","77","100","128","128","90","serene-grace","NA","NA"
"649","genesect","bug","steel","120","95","71","120","95","99","download","NA","NA"
"650","chespin","grass","NA","61","65","56","48","45","38","overgrow","NA","bulletproof"
"651","quilladin","grass","NA","78","95","61","56","58","57","overgrow","NA","bulletproof"
"652","chesnaught","grass","fighting","107","122","88","74","75","64","overgrow","NA","bulletproof"
"653","fennekin","fire","NA","45","40","40","62","60","60","blaze","NA","magician"
"654","braixen","fire","NA","59","58","59","90","70","73","blaze","NA","magician"
"655","delphox","fire","psychic","69","72","75","114","100","104","blaze","NA","magician"
"656","froakie","water","NA","56","40","41","62","44","71","torrent","NA","protean"
"657","frogadier","water","NA","63","52","54","83","56","97","torrent","NA","protean"
"658","greninja","water","dark","95","67","72","103","71","122","torrent","NA","protean"
"659","bunnelby","normal","NA","36","38","38","32","36","57","pickup","cheek-pouch","huge-power"
"660","diggersby","normal","ground","56","77","85","50","77","78","pickup","cheek-pouch","huge-power"
"661","fletchling","normal","flying","50","43","45","40","38","62","big-pecks","NA","gale-wings"
"662","fletchinder","fire","flying","73","55","62","56","52","84","flame-body","NA","gale-wings"
"663","talonflame","fire","flying","81","71","78","74","69","126","flame-body","NA","gale-wings"
"664","scatterbug","bug","NA","35","40","38","27","25","35","shield-dust","compound-eyes","friend-guard"
"665","spewpa","bug","NA","22","60","45","27","30","29","shed-skin","NA","friend-guard"
"666","vivillon","bug","flying","52","50","80","90","50","89","shield-dust","compound-eyes","friend-guard"
"667","litleo","fire","normal","50","58","62","73","54","72","rivalry","unnerve","moxie"
"668","pyroar","fire","normal","68","72","86","109","66","106","rivalry","unnerve","moxie"
"669","flabebe","fairy","NA","38","39","44","61","79","42","flower-veil","NA","symbiosis"
"670","floette","fairy","NA","45","47","54","75","98","52","flower-veil","NA","symbiosis"
"671","florges","fairy","NA","65","68","78","112","154","75","flower-veil","NA","symbiosis"
"672","skiddo","grass","NA","65","48","66","62","57","52","sap-sipper","NA","grass-pelt"
"673","gogoat","grass","NA","100","62","123","97","81","68","sap-sipper","NA","grass-pelt"
"674","pancham","fighting","NA","82","62","67","46","48","43","iron-fist","mold-breaker","scrappy"
"675","pangoro","fighting","dark","124","78","95","69","71","58","iron-fist","mold-breaker","scrappy"
"676","furfrou","normal","NA","80","60","75","65","90","102","fur-coat","NA","NA"
"677","espurr","psychic","NA","48","54","62","63","60","68","keen-eye","infiltrator","own-tempo"
"678","meowstic-male","psychic","NA","48","76","74","83","81","104","keen-eye","infiltrator","prankster"
"679","honedge","steel","ghost","80","100","45","35","37","28","no-guard","NA","NA"
"680","doublade","steel","ghost","110","150","59","45","49","35","no-guard","NA","NA"
"681","aegislash-shield","steel","ghost","50","150","60","50","150","60","stance-change","NA","NA"
"682","spritzee","fairy","NA","52","60","78","63","65","23","healer","NA","aroma-veil"
"683","aromatisse","fairy","NA","72","72","101","99","89","29","healer","NA","aroma-veil"
"684","swirlix","fairy","NA","48","66","62","59","57","49","sweet-veil","NA","unburden"
"685","slurpuff","fairy","NA","80","86","82","85","75","72","sweet-veil","NA","unburden"
"686","inkay","dark","psychic","54","53","53","37","46","45","contrary","suction-cups","infiltrator"
"687","malamar","dark","psychic","92","88","86","68","75","73","contrary","suction-cups","infiltrator"
"688","binacle","rock","water","52","67","42","39","56","50","tough-claws","sniper","pickpocket"
"689","barbaracle","rock","water","105","115","72","54","86","68","tough-claws","sniper","pickpocket"
"690","skrelp","poison","water","60","60","50","60","60","30","poison-point","poison-touch","adaptability"
"691","dragalge","poison","dragon","75","90","65","97","123","44","poison-point","poison-touch","adaptability"
"692","clauncher","water","NA","53","62","50","58","63","44","mega-launcher","NA","NA"
"693","clawitzer","water","NA","73","88","71","120","89","59","mega-launcher","NA","NA"
"694","helioptile","electric","normal","38","33","44","61","43","70","dry-skin","sand-veil","solar-power"
"695","heliolisk","electric","normal","55","52","62","109","94","109","dry-skin","sand-veil","solar-power"
"696","tyrunt","rock","dragon","89","77","58","45","45","48","strong-jaw","NA","sturdy"
"697","tyrantrum","rock","dragon","121","119","82","69","59","71","strong-jaw","NA","rock-head"
"698","amaura","rock","ice","59","50","77","67","63","46","refrigerate","NA","snow-warning"
"699","aurorus","rock","ice","77","72","123","99","92","58","refrigerate","NA","snow-warning"
"700","sylveon","fairy","NA","65","65","95","110","130","60","cute-charm","NA","pixilate"
"701","hawlucha","fighting","flying","92","75","78","74","63","118","limber","unburden","mold-breaker"
"702","dedenne","electric","fairy","58","57","67","81","67","101","cheek-pouch","pickup","plus"
"703","carbink","rock","fairy","50","150","50","50","150","50","clear-body","NA","sturdy"
"704","goomy","dragon","NA","50","35","45","55","75","40","sap-sipper","hydration","gooey"
"705","sliggoo","dragon","NA","75","53","68","83","113","60","sap-sipper","hydration","gooey"
"706","goodra","dragon","NA","100","70","90","110","150","80","sap-sipper","hydration","gooey"
"707","klefki","steel","fairy","80","91","57","80","87","75","prankster","NA","magician"
"708","phantump","ghost","grass","70","48","43","50","60","38","natural-cure","frisk","harvest"
"709","trevenant","ghost","grass","110","76","85","65","82","56","natural-cure","frisk","harvest"
"710","pumpkaboo-average","ghost","grass","66","70","49","44","55","51","pickup","frisk","insomnia"
"711","gourgeist-average","ghost","grass","90","122","65","58","75","84","pickup","frisk","insomnia"
"712","bergmite","ice","NA","69","85","55","32","35","28","own-tempo","ice-body","sturdy"
"713","avalugg","ice","NA","117","184","95","44","46","28","own-tempo","ice-body","sturdy"
"714","noibat","flying","dragon","30","35","40","45","40","55","frisk","infiltrator","telepathy"
"715","noivern","flying","dragon","70","80","85","97","80","123","frisk","infiltrator","telepathy"
"716","xerneas","fairy","NA","131","95","126","131","98","99","fairy-aura","NA","NA"
"717","yveltal","dark","flying","131","95","126","131","98","99","dark-aura","NA","NA"
"718","zygarde","dragon","ground","100","121","108","81","95","95","aura-break","NA","NA"
"719","diancie","rock","fairy","100","150","50","100","150","50","clear-body","NA","NA"
"720","hoopa","psychic","ghost","110","60","80","150","130","70","magician","NA","NA"
"721","volcanion","fire","water","110","120","80","130","90","70","water-absorb","NA","NA"
"10001","deoxys-attack","psychic","NA","180","20","50","180","20","150","pressure","NA","NA"
"10002","deoxys-defense","psychic","NA","70","160","50","70","160","90","pressure","NA","NA"
"10003","deoxys-speed","psychic","NA","95","90","50","95","90","180","pressure","NA","NA"
"10004","wormadam-sandy","bug","ground","79","105","60","59","85","36","anticipation","NA","overcoat"
"10005","wormadam-trash","bug","steel","69","95","60","69","95","36","anticipation","NA","overcoat"
"10006","shaymin-sky","grass","flying","103","75","100","120","75","127","serene-grace","NA","NA"
"10007","giratina-origin","ghost","dragon","120","100","150","120","100","90","levitate","NA","NA"
"10008","rotom-heat","electric","fire","65","107","50","105","107","86","levitate","NA","NA"
"10009","rotom-wash","electric","water","65","107","50","105","107","86","levitate","NA","NA"
"10010","rotom-frost","electric","ice","65","107","50","105","107","86","levitate","NA","NA"
"10011","rotom-fan","electric","flying","65","107","50","105","107","86","levitate","NA","NA"
"10012","rotom-mow","electric","grass","65","107","50","105","107","86","levitate","NA","NA"
"10013","castform-sunny","fire","NA","70","70","70","70","70","70","forecast","NA","NA"
"10014","castform-rainy","water","NA","70","70","70","70","70","70","forecast","NA","NA"
"10015","castform-snowy","ice","NA","70","70","70","70","70","70","forecast","NA","NA"
"10016","basculin-blue-striped","water","NA","92","65","70","80","55","98","rock-head","adaptability","mold-breaker"
"10017","darmanitan-zen","fire","psychic","30","105","105","140","105","55","sheer-force","NA","zen-mode"
"10018","meloetta-pirouette","normal","fighting","128","90","100","77","77","128","serene-grace","NA","NA"
"10019","tornadus-therian","flying","NA","100","80","79","110","90","121","regenerator","NA","NA"
"10020","thundurus-therian","electric","flying","105","70","79","145","80","101","volt-absorb","NA","NA"
"10021","landorus-therian","ground","flying","145","90","89","105","80","91","intimidate","NA","NA"
"10022","kyurem-black","dragon","ice","170","100","125","120","90","95","teravolt","NA","NA"
"10023","kyurem-white","dragon","ice","120","90","125","170","100","95","turboblaze","NA","NA"
"10024","keldeo-resolute","water","fighting","72","90","91","129","90","108","justified","NA","NA"
"10025","meowstic-female","psychic","NA","48","76","74","83","81","104","keen-eye","infiltrator","competitive"
"10026","aegislash-blade","steel","ghost","150","50","60","150","50","60","stance-change","NA","NA"
"10027","pumpkaboo-small","ghost","grass","66","70","44","44","55","56","pickup","frisk","insomnia"
"10028","pumpkaboo-large","ghost","grass","66","70","54","44","55","46","pickup","frisk","insomnia"
"10029","pumpkaboo-super","ghost","grass","66","70","59","44","55","41","pickup","frisk","insomnia"
"10030","gourgeist-small","ghost","grass","85","122","55","58","75","99","pickup","frisk","insomnia"
"10031","gourgeist-large","ghost","grass","95","122","75","58","75","69","pickup","frisk","insomnia"
"10032","gourgeist-super","ghost","grass","100","122","85","58","75","54","pickup","frisk","insomnia"
"10033","venusaur-mega","grass","poison","100","123","80","122","120","80","thick-fat","NA","NA"
"10034","charizard-mega-x","fire","dragon","130","111","78","130","85","100","tough-claws","NA","NA"
"10035","charizard-mega-y","fire","flying","104","78","78","159","115","100","drought","NA","NA"
"10036","blastoise-mega","water","NA","103","120","79","135","115","78","mega-launcher","NA","NA"
"10037","alakazam-mega","psychic","NA","50","65","55","175","95","150","trace","NA","NA"
"10038","gengar-mega","ghost","poison","65","80","60","170","95","130","shadow-tag","NA","NA"
"10039","kangaskhan-mega","normal","NA","125","100","105","60","100","100","parental-bond","NA","NA"
"10040","pinsir-mega","bug","flying","155","120","65","65","90","105","aerilate","NA","NA"
"10041","gyarados-mega","water","dark","155","109","95","70","130","81","mold-breaker","NA","NA"
"10042","aerodactyl-mega","rock","flying","135","85","80","70","95","150","tough-claws","NA","NA"
"10043","mewtwo-mega-x","psychic","fighting","190","100","106","154","100","130","steadfast","NA","NA"
"10044","mewtwo-mega-y","psychic","NA","150","70","106","194","120","140","insomnia","NA","NA"
"10045","ampharos-mega","electric","dragon","95","105","90","165","110","45","mold-breaker","NA","NA"
"10046","scizor-mega","bug","steel","150","140","70","65","100","75","technician","NA","NA"
"10047","heracross-mega","bug","fighting","185","115","80","40","105","75","skill-link","NA","NA"
"10048","houndoom-mega","dark","fire","90","90","75","140","90","115","solar-power","NA","NA"
"10049","tyranitar-mega","rock","dark","164","150","100","95","120","71","sand-stream","NA","NA"
"10050","blaziken-mega","fire","fighting","160","80","80","130","80","100","speed-boost","NA","NA"
"10051","gardevoir-mega","psychic","fairy","85","65","68","165","135","100","pixilate","NA","NA"
"10052","mawile-mega","steel","fairy","105","125","50","55","95","50","huge-power","NA","NA"
"10053","aggron-mega","steel","NA","140","230","70","60","80","50","filter","NA","NA"
"10054","medicham-mega","fighting","psychic","100","85","60","80","85","100","pure-power","NA","NA"
"10055","manectric-mega","electric","NA","75","80","70","135","80","135","intimidate","NA","NA"
"10056","banette-mega","ghost","NA","165","75","64","93","83","75","prankster","NA","NA"
"10057","absol-mega","dark","NA","150","60","65","115","60","115","magic-bounce","NA","NA"
"10058","garchomp-mega","dragon","ground","170","115","108","120","95","92","sand-force","NA","NA"
"10059","lucario-mega","fighting","steel","145","88","70","140","70","112","adaptability","NA","NA"
"10060","abomasnow-mega","grass","ice","132","105","90","132","105","30","snow-warning","NA","NA"
"10061","floette-eternal","fairy","NA","65","67","74","125","128","92","flower-veil","NA","symbiosis"
"10062","latias-mega","dragon","psychic","100","120","80","140","150","110","levitate","NA","NA"
"10063","latios-mega","dragon","psychic","130","100","80","160","120","110","levitate","NA","NA"
"10064","swampert-mega","water","ground","150","110","100","95","110","70","swift-swim","NA","NA"
"10065","sceptile-mega","grass","dragon","110","75","70","145","85","145","lightning-rod","NA","NA"
"10066","sableye-mega","dark","ghost","85","125","50","85","115","20","magic-bounce","NA","NA"
"10067","altaria-mega","dragon","fairy","110","110","75","110","105","80","pixilate","NA","NA"
"10068","gallade-mega","psychic","fighting","165","95","68","65","115","110","inner-focus","NA","NA"
"10069","audino-mega","normal","fairy","60","126","103","80","126","50","healer","NA","NA"
"10070","sharpedo-mega","water","dark","140","70","70","110","65","105","strong-jaw","NA","NA"
"10071","slowbro-mega","water","psychic","75","180","95","130","80","30","shell-armor","NA","NA"
"10072","steelix-mega","steel","ground","125","230","75","55","95","30","sand-force","NA","NA"
"10073","pidgeot-mega","normal","flying","80","80","83","135","80","121","no-guard","NA","NA"
"10074","glalie-mega","ice","NA","120","80","80","120","80","100","refrigerate","NA","NA"
"10075","diancie-mega","rock","fairy","160","110","50","160","110","110","magic-bounce","NA","NA"
"10076","metagross-mega","steel","psychic","145","150","80","105","110","110","tough-claws","NA","NA"
"10077","kyogre-primal","water","NA","150","90","100","180","160","90","primordial-sea","NA","NA"
"10078","groudon-primal","ground","fire","180","160","100","150","90","90","desolate-land","NA","NA"
"10079","rayquaza-mega","dragon","flying","180","100","105","180","100","115","delta-stream","NA","NA"
"10080","pikachu-rock-star","electric","NA","55","40","35","50","50","90","static","NA","lightning-rod"
"10081","pikachu-belle","electric","NA","55","40","35","50","50","90","static","NA","lightning-rod"
"10082","pikachu-pop-star","electric","NA","55","40","35","50","50","90","static","NA","lightning-rod"
"10083","pikachu-phd","electric","NA","55","40","35","50","50","90","static","NA","lightning-rod"
"10084","pikachu-libre","electric","NA","55","40","35","50","50","90","static","NA","lightning-rod"
"10085","pikachu-cosplay","electric","NA","55","40","35","50","50","90","static","NA","lightning-rod"
"10086","hoopa-unbound","psychic","dark","160","60","80","170","130","80","magician","NA","NA"
"10087","camerupt-mega","fire","ground","120","100","70","145","105","20","sheer-force","NA","NA"
"10088","lopunny-mega","normal","fighting","136","94","65","54","96","135","scrappy","NA","NA"
"10089","salamence-mega","dragon","flying","145","130","95","120","90","120","aerilate","NA","NA"
"10090","beedrill-mega","bug","poison","150","40","65","15","80","145","adaptability","NA","NA"
